year,avg temp,avg precipitation (mm),avg sunny days,gdp
8,20.70,44.66666667,14.41666667,999082.05
13,20.63,43.5,14.75,1052385.82
48,20.80,42.75,14.66666667,1004823.42
54,21.00,43.91666667,14.66666667,1045883.46
60,21.14,46,14.41666667,935668.67
68,21.06,43.83333333,14.66666667,995052.59
69,20.94,43.91666667,14.91666667,1057954.89
81,21.41,45.66666667,14.58333333,1039319.48
89,21.39,43.16666667,14.75,1224722.72
96,21.86,44.14,75,1226092.63